2026-05-31 04:34:54.333,"d8ff29add593","d8ff29add593",172.18.0.3,0.000000,1.220703,green,true,true,true,2026-05-31 04:33:51.564
2026-05-31 04:35:54.430,"d8ff29add593","d8ff29add593",172.18.0.3,0.000000,1.220703,green,true,true,true,2026-05-31 04:33:51.564
2026-05-31 04:38:10.920,"425c996daf47","425c996daf47",172.18.0.7,0.000000,1.220703,green,true,true,true,2026-05-31 04:37:09.100
2026-05-31 04:39:11.004,"425c996daf47","425c996daf47",172.18.0.7,0.000000,1.220703,green,true,true,true,2026-05-31 04:37:09.100
2026-05-31 04:40:11.073,"425c996daf47","425c996daf47",172.18.0.7,0.000000,1.220703,green,true,true,true,2026-05-31 04:37:09.100
2026-05-31 04:41:11.127,"425c996daf47","425c996daf47",172.18.0.7,0.000000,1.220703,green,true,true,true,2026-05-31 04:37:09.100
2026-05-31 04:42:11.196,"425c996daf47","425c996daf47",172.18.0.7,0.000000,1.220703,green,true,true,true,2026-05-31 04:37:09.100
2026-05-31 04:43:11.252,"425c996daf47","425c996daf47",172.18.0.7,0.000000,1.220703,green,true,true,true,2026-05-31 04:37:09.100
2026-05-31 04:44:11.310,"425c996daf47","425c996daf47",172.18.0.7,0.000000,1.220703,green,true,true,true,2026-05-31 04:37:09.100
2026-05-31 04:45:11.366,"425c996daf47","425c996daf47",172.18.0.7,0.000000,1.220703,green,true,true,true,2026-05-31 04:37:09.100
2026-05-31 04:46:11.428,"425c996daf47","425c996daf47",172.18.0.7,0.000000,1.220703,green,true,true,true,2026-05-31 04:37:09.100
2026-05-31 04:47:11.498,"425c996daf47","425c996daf47",172.18.0.7,0.000000,1.220703,green,true,true,true,2026-05-31 04:37:09.100
2026-05-31 04:48:11.573,"425c996daf47","425c996daf47",172.18.0.7,0.000000,1.220703,green,true,true,true,2026-05-31 04:37:09.100
2026-05-31 04:49:58.615,"2ee622bfb33a","2ee622bfb33a",172.19.0.5,0.000000,1.220703,green,true,true,true,2026-05-31 04:48:56.640
2026-05-31 04:50:58.709,"2ee622bfb33a","2ee622bfb33a",172.19.0.5,0.000000,1.220703,green,true,true,true,2026-05-31 04:48:56.640
2026-05-31 04:51:58.767,"2ee622bfb33a","2ee622bfb33a",172.19.0.5,0.000000,1.220703,green,true,true,true,2026-05-31 04:48:56.640
2026-05-31 04:52:58.838,"2ee622bfb33a","2ee622bfb33a",172.19.0.5,0.000000,1.220703,green,true,true,true,2026-05-31 04:48:56.640
2026-05-31 04:53:58.892,"2ee622bfb33a","2ee622bfb33a",172.19.0.5,0.000000,1.220703,green,true,true,true,2026-05-31 04:48:56.640
2026-05-31 04:54:58.947,"2ee622bfb33a","2ee622bfb33a",172.19.0.5,0.000000,1.220703,green,true,true,true,2026-05-31 04:48:56.640
2026-05-31 04:55:59.005,"2ee622bfb33a","2ee622bfb33a",172.19.0.5,0.000000,1.220703,green,true,true,true,2026-05-31 04:48:56.640
2026-05-31 04:56:59.077,"2ee622bfb33a","2ee622bfb33a",172.19.0.5,0.000000,1.220703,green,true,true,true,2026-05-31 04:48:56.640
2026-05-31 04:57:59.156,"2ee622bfb33a","2ee622bfb33a",172.19.0.5,0.000000,1.220703,green,true,true,true,2026-05-31 04:48:56.640
2026-05-31 04:58:59.222,"2ee622bfb33a","2ee622bfb33a",172.19.0.5,0.000000,1.220703,green,true,true,true,2026-05-31 04:48:56.640
2026-05-31 04:59:59.278,"2ee622bfb33a","2ee622bfb33a",172.19.0.5,0.000000,1.220703,green,true,true,true,2026-05-31 04:48:56.640
2026-05-31 05:00:59.336,"2ee622bfb33a","2ee622bfb33a",172.19.0.5,0.000000,1.220703,green,true,true,true,2026-05-31 04:48:56.640
2026-05-31 05:01:59.394,"2ee622bfb33a","2ee622bfb33a",172.19.0.5,0.000000,1.220703,green,true,true,true,2026-05-31 04:48:56.640
2026-05-31 05:02:59.456,"2ee622bfb33a","2ee622bfb33a",172.19.0.5,0.000000,1.220703,green,true,true,true,2026-05-31 04:48:56.640
2026-05-31 05:03:59.518,"2ee622bfb33a","2ee622bfb33a",172.19.0.5,0.000000,1.220703,green,true,true,true,2026-05-31 04:48:56.640
2026-05-31 05:04:59.569,"2ee622bfb33a","2ee622bfb33a",172.19.0.5,0.000000,1.220703,green,true,true,true,2026-05-31 04:48:56.640
2026-05-31 05:05:59.629,"2ee622bfb33a","2ee622bfb33a",172.19.0.5,0.000000,1.220703,green,true,true,true,2026-05-31 04:48:56.640
2026-05-31 05:06:59.691,"2ee622bfb33a","2ee622bfb33a",172.19.0.5,0.000000,1.220703,green,true,true,true,2026-05-31 04:48:56.640
2026-05-31 05:07:59.755,"2ee622bfb33a","2ee622bfb33a",172.19.0.5,0.000000,1.220703,green,true,true,true,2026-05-31 04:48:56.640
2026-05-31 05:08:59.827,"2ee622bfb33a","2ee622bfb33a",172.19.0.5,0.000000,1.220703,green,true,true,true,2026-05-31 04:48:56.640
